"","ab_vip_c1"
"Methylguanidine",0.430521399023516
"1-Aminocyclopropane-1-carboxylic acid",0.480782214682646
"4-Aminophenol",0.649748943664411
"21H-Pyridinone",0.225057359896513
".beta.-Cyano-L-alanine",0.398120163958385
"Iminodiacetic acid",0.362215341569129
"DL-Norvaline",1.57625759333715
"3-Hydroxyisovaleric acid",0.738971184307884
"Isovaleric acid",1.02097579761048
"Betaine aldehyde",0.495094763052741
"3-Aminobutanoic acid",0.363828654710286
"2-Aminoisobutyric acid",1.01535048069177
"Choline",0.506666960599702
"DL-a-Hydroxybutyric acid",0.775247697344382
"Ethanolamine",0.262542336297774
"L-Serine",0.0194529460020014
"Diethanolamine",0.241522253188579
"Imidazoleacetic acid",0.449766410249441
"Imidazole",0.739635615606524
"Cytosine",0.0271955874034063
".beta.-Homoproline",0.125789298606665
"Cuminaldehyde",0.0607032052439944
"Creatinine",0.388193651686816
"L-Leucine",0.999491113694519
"Glycerol",0.229714427852502
"Ethylmalonic acid",0.919878180285059
"D-Ornithine",0.428110244040697
"L-Proline",0.223803833536435
"Guanidoacetic acid",0.510019413545429
"Betaine",0.165059229772897
"L-Threonate",1.50647805115196
"Methylmalonic acid",0.87496066496762
"3-Aminobenzoic acid",0.191389671784937
"4-Aminobenzoate",0.474016447381435
"Gentisaldehyde",1.18509051057861
"3-Methylhistamine",0.449534068977446
"1-Methylhistamine",0.0817137457058116
"Larixinic Acid",2.36548192262298
"4-Hydroxy-6-methylpyran-2-one",0.941554206901233
"1,3,5-Benzenetriol",1.72897615360169
"5-Amino-4-carbamoylimidazole AICA",1.29265852034984
"Melamine",0.815723363751634
"Crotonic acid",1.42253830829265
"3-Methylthio-1-propanol",0.890528741804092
"2-Methylglutaric acid",0.678133002319697
"Ala-Gly",0.243054663553587
"D-Pipecolinic acid",0.375486828560714
"Agmatine",0.0237768534780404
"Dihydroxyfumarate",0.237720624074203
"Hydroxyproline",0.032313713848693
"Methoxyacetic acid",0.490385073657398
"2-Ethoxyethanol",0.0688860917743112
"3-Ureidopropionate",0.259069020561742
"L-Asparagine",0.072921029887735
"3-Methylphenylacetic acid",0.588615178165369
"D-Aspartic acid",0.458828346100149
"4-Methoxybenzoic acid",0.072368922536573
"Adenine",0.317216885768596
"Hypoxanthine",0.519695663583401
"1-Methylnicotinamide",0.369240229088803
"Methyl acetoacetate",2.96104619356168
"Acetohydroxamic acid",0.201557568249671
"Gaboxadol",0.694762299173886
"L-homoserine",1.8725612001423
"2-Ethyl-4-hydroxy-5-methyl-32H-furanone",0.50735768239592
"3,3-Dimethylacrylic acid",0.0731688915561379
"Glutaraldehyde",0.8554519671442
"1-Aminocyclopropanecarboxylic acid",0.605266094460429
"Benzamide",0.66960542943401
"1,2,3-Benzenetriol",0.227002650810205
"1-Phenylethylamine",1.18735626962777
"1-Aminocyclohexanecarboxylic acid",0.244815628033901
"Erythritol",1.32082370223122
"Isobutyrylglycine",1.09999889574083
"3-Methylglutaric acid",1.46783962473522
"R-3-Hydroxybutyric acid",0.0263614220224608
"4-Guanidinobutyric acid",0.0581901627911616
"L-Lysine",0.724492630464857
"3-Carboxypropyltrimethylammonium cation",0.138410541634698
"Acetylcholine",0.624446333394688
"L-Glutamine",0.665976221219795
"Dimethylbenzimidazole",1.36712648523807
"L-Pipecolic acid",1.3501016266988
"L-2-Aminobutyric acid",0.388191609876586
"--Mevalonolactone",0.342944596074165
"Citramalic acid",0.709706243925273
"5d-Aminolevulinic Acid",0.304842962355874
"L-Arabinose",0.639016688203016
"Diacetyl",0.848875648105966
"4-Hydroxybutanoic acid lactone",0.148571640475712
"L-Alanine",0.706314895885015
"1-Indanone",0.310974666876732
"3-Hydroxymandelic acid",0.838208513663831
"L-Pyroglutamic acid",0.26800901474991
"2-Hydroxyphenylacetic acid",1.04778104228738
"Acetoin",0.666848898111312
"Diphenylamine",0.20192613599377
"Hydroxyurea",0.695141926602809
"N1-Methyl-2-pyridone-5-carboxamide",0.692046166055156
"Limonene-1,2-epoxide",0.438646233742814
"Camphor",1.34232174978605
"4,6-Diamino-5-formamidopyrimidine",0.233116301574249
"Dopamine",1.82150257148906
"Glycerol 3-phosphate",0.122006500461134
"Desoxypeganine",1.05113989190197
"L-Histidine",0.741150001478593
"2-Butoxyethanol",2.54526643341623
"Isocaproic acid",1.62721208997633
"-alpha-Pinene",0.181923722731805
"2-Amino-1-phenylethanol",0.930858519235026
"DL-2,4-Diaminobutyric acid",1.01060103221087
"Cyclohexylamine",0.0556874091479591
"4-Methoxycinnamic acid",2.65393114810105
"DL-Homoserine",1.8711407447359
"N6-Methyl-L-lysine",0.0974720770715388
"Guanidineacetic acid",0.358301799558805
"Indole-3-carboxylic acid",0.497796168537085
"Hippuric acid",0.880933700817665
"Indole-2-carboxylic acid",2.02927771417338
"DL-2-Aminoadipic acid",0.355334333291755
"L-Carnitine",1.25373651244584
"Acetylcysteine",0.0183803868940441
"L-Histidinol",0.511127708062146
"DL-3-Aminoisobutyric acid",1.0851504159048
"Formylanthranilic acid",2.45162983765311
"Acetoacetic acid",2.52770841108072
"D-Arabinono-1,4-lactone",0.803657311559052
"L-Phenylalanine",0.14022751647494
"Epinephrine",0.0194978321895038
"N,N-dimethylhistidine",0.888152003809665
"6-Methylmercaptopurine",0.884292348569268
"4-Methoxyphenylacetic acid",0.998464194228618
"Dimethylglycine",0.232131446114957
"gamma-Aminobutryic acid",2.53584441708775
"beta-Hydroxybutyrate",0.708068401482612
"Glycine",1.03281675502827
"alpha-ketoglutarate",0.499158181331664
"Jasmine lactone",1.47579206320027
"2-Furoylglycine",0.344524674348979
"Indoleacrylic acid",1.65590229654716
"Dihydro-4,4-dimethyl-2,3-furandione",0.662616224319855
"3-Methylhistidine",0.877275270840708
"R--Citronellic acid",0.203664916212648
"Citraconic acid",1.4405436846624
"Gly-Pro",1.56248215691859
"Histamine",0.362400779003436
"Arecoline",1.61728898521347
"Acetyl-DL-Leucine",0.0141970010249777
"cis-Aconitate",0.322089263834401
"cis-4-Hydroxy-D-proline",2.43507415151108
"Allantoate/Allantoic acid",0.615665025606467
"Guanidinosuccinic acid",0.281268406208508
"Indoleacetic acid",0.396438377752024
"Ethyl hydrogen malonate",0.271023895937747
"7,8-Dihydro-.alpha.-ionone",1.90578995935194
"3-Furancarboxylic acid",1.79863168413599
"Mexiletine",0.095733981916503
"3-Methylthiopropionate",0.715383128674934
"2-Octenoic acid",1.47980732956818
"L-Tyrosine",0.0542334714997645
"beta-Hydroxyisovaleric acid",0.269780250796912
"L-Threonine",2.79333983423219
"4-Pyridoxic acid",0.245836563229414
"4-Hydroxybenzaldehyde",0.0216517984711303
"Allocystathionine",0.818475869302815
"DL-Indole-3-lactic acid",0.00732539813827444
"Ala-Val",0.0488157267129971
"N6-Acetyl-L-lysine",0.886598314853108
"N.alpha.-Acetyl-L-lysine",1.30472443420802
"N6,N6,N6-Trimethyl-L-lysine",0.0621932196438869
"1H-Indole-3-propanoic acid",0.642760323702773
"Diaminopimelic acid",0.374506583136546
"-Methamphetamine",0.952249535320816
"Aconitic acid",0.237505411190964
"1-Methylhistidine",1.00502301398885
"D-Ribose",1.07527189694262
"6-Aminocaproic acid",0.267393955314988
"Itaconic acid",0.518078814212545
"2-Isopropylmalic acid",0.226235762517252
"D-Lyxose",0.154531537973407
"Caffeine",3.11767592391158
"Glucosaminic acid",2.33923283509466
"Butoxyacetic acid",0.745646979834266
"Hydroxyisocaproic acid",1.77677482036581
"2-Ethyl-2-Hydroxybutyric acid",0.463737647533033
"Allopurinol",2.98140129449743
"Creatine",0.56328623958041
"Dulcin",3.16914965331982
"N-.alpha.-Acetyl-L-arginine",0.927726275133289
"IS",0.0515258090484165
"Ile-Ser",0.449217992140807
"3-Hydroxybenzoate",0.166914573663695
"2-Oxoadipic acid",0.0812203976482746
"3,4-Dihydroxymandelic acid",0.176160896894331
"Ala-Ala",0.196610265402026
"Carbimazole",0.512448962769807
"L-Tryptophan",0.307333437846239
"L-homocysteic acid",0.257749877226925
"Methylnoradrenaline",0.570390491078461
"Bethanechol cation",0.880148855852538
"Coumarin",0.779866074983873
"3-Mercapto-2-butanone",1.19614219234179
"D-4-Hydroxyphenylglycine",0.312410995678325
"His-Ala",1.78473669464941
"Monomethyl glutaric acid",0.312219830956975
"Butyl lactate",0.692094053825069
"L-Glutamate",0.261699311332456
"Glycyl-L-leucine",2.70917367673017
"S-Citramalic acid",0.403676352858501
"3,4-Dihydroxyphenylacetic acid",0.518771549747761
"L-Citrulline",0.702708839702566
"Lavandulol",0.242413696967331
"DL-Vanillylmandelic acid",0.711612157876756
"L-Arginine",0.898700694384132
"3-Phenylpropanoic acid",0.644572735601344
"2',4'-Dihydroxyacetophenone",1.11893107984099
"Hypotaurine",1.34503388306067
"5-L-Glutamyl-L-alanine",1.07003911256399
"Indole-3-pyruvic acid",0.0866330892592071
"3,3-Dimethylglutaric acid",0.275300376578698
"3,4-Methylenedioxyamphetamine",0.689282656065329
"4-Guanidinobutanoic acid",2.56109945580518
"Flavone",2.83011496958737
"D-Mannose",0.144323840870571
"D-Sorbitol",0.034062351659476
"L-Iditol",0.124758568248321
"Dacarbazine",1.74196785327171
"Bufexamac",1.60451687973284
"4-Aminobutyric acid",0.40025611719951
"mafenide",0.338208906917211
"L-Fucose",0.738004114832492
"Methomyl",0.200070380829254
"6-Benzylaminopurine",0.865044810363419
"7-Methylxanthine",1.83528249052482
"Deoxycytidine",1.39530293905932
"Ethionamide",0.233913192832858
"2-Hydroxyadenine",0.829891190330111
"2-Phenylbutyric acid",0.564398444058604
"Arg-Ala",1.69461066065317
"Dimethylallyl pyrophosphate",0.260827151975135
"Anabasine",0.481185886336791
"Harmine",0.0445664603537104
"L-NG-Monomethylarginine",0.611349837133479
"Baclofen",0.531327363671219
"alpha-Guanidinoglutaric Acid",1.67888648942211
"Levetiracetam",0.896833205931051
"Leu-Val",0.145713980194787
"Hordenine",2.74780472645303
"Lys-Cys",0.715272736206951
"Allopurinol riboside",2.61714721200378
"Glycylproline",0.369925141978775
"Melatonin",0.520452698571376
"3-Methoxytyramine",1.32030344643802
"Ile-Cys",0.926128090099143
"DL-Arginine",0.0159490976643188
"L-Valine",1.17526827319079
"Capric acid",2.603888019984
"Ketoprofen",0.64172237039269
"3-Hydroxyflavone",0.918715966407679
"Biopterin",0.0377693990116168
"Diethylcarbamazine",0.958753683365808
"D-Glucuronate",0.444576242059569
"4-Hexen-1-ol, E-",0.00141167262363187
"7,8-Dihydrobiopterin",0.365125667476043
"Ethyl glucuronide",0.159624026402435
".gamma.-L-Glu-.epsilon.-L-Lys",0.219731400834992
"4-Isopropylbenzoic acid",0.0733047142371473
"N2-Acetyl-L-ornithine",0.809698283119986
"L-Anserine",0.273404573653191
"3-3-Indolyl-2-oxopropanoic acid",1.55610990380296
"D-Erythrose 4-phosphate",1.14076514996034
"DL-O-tyrosine",0.79085085807565
"3-Hydroxykynurenine",1.33103063150824
"Gly-Glu",0.484185244363262
"Lys-Asn",0.959927375213748
"Lys-Pro",0.376716500579257
"myo-Inositol",1.83743588840204
"Cytidine",0.296491275982878
"Lys-Asp",0.581951910129173
"Glu-Pro",0.54673790297045
"Ile-Leu",0.562211865902942
"Dihydrouracil",0.714563234759441
"Ala-Asp",1.1077850662984
"Mepivacaine",0.110577978877889
"Myristic acid",0.599887128674807
"DL-3-Hydroxybutyric acid",0.158011107023786
"3'-O-Methylinosine",0.106419127033855
"Marmesin",0.343608639168029
"gamma-L-Glutamyl-L-valine",0.318890752599488
"3-Amino-3-4-hydroxyphenylpropanoate",1.00480559925361
"Gly-Gln",1.65669782484968
"Monoethylglycylxylidide MEGX",0.869987690904331
"Dapsone",0.186090035622026
"3-Hydroxycapric acid",0.563045010131899
"4-4-Chlorophenyl-4-hydroxypiperidine",0.60076487592812
"Ala-Pro",0.0206866341207302
"Alantolactone",0.528507766256503
"Inosine",1.54474993872244
"epsilon-Captrolactone",0.971884699520223
"N-omega-Hydroxyarginine",0.359516127159141
"His-Ile",2.28538763262981
"2'-Deoxyinosine",0.655696646511561
"Asn-Pro",0.998947184299363
"5'-Deoxyadenosine",0.0052095977325112
"His-Asp",1.85406563990165
"His-Pro",0.459306385519367
"N1-Acetylspermidine",0.442252518179491
"Indoxyl sulfate",1.95252330563332
"Daidzein",0.800536905423016
"Levulinic acid",0.271964514252306
"Hydroxybupropion",0.236954211454173
"Ile-Thr",1.13392523827489
"5-Hydroxymethylcytidine",0.310913593533434
"Arg-Val",0.158368237075483
"d-Dethiobiotin",1.57590454489885
"Acetylglycine",0.135182070735155
"D-gluconate",1.35498012673548
"3-methylcytidine",0.0659189883483599
"5-Aminopentanoic acid",0.903831004219544
"Glycerophosphocholine",0.441219339948421
"Acadesine Drug",0.312402424891805
"Lys-Leu",1.2030386200611
"L-Histidinol phosphate",0.198612075231878
"Gln-Asn",0.674236139284539
"alpha-D-Glucose 1-phosphate",0.397325419703826
"Glu-Met",0.266915171524201
"Duloxetine",0.782606692790764
"L-Cystine",0.0736869546186488
"alpha-N-Acetyl-L-glutamine",0.548155506817452
"3-Methoxy-4-Hydroxyphenylglycol Sulfate",0.47911450399711
"Homocitrate",1.83156495610277
"Adenosine",0.623563230443042
"Acetylcarnitine",0.560207977428199
"D-Galactarate",0.265554625265203
"Genistein",0.358265673193719
"Lys-Ser",0.268405933531987
"Asp-Pro",0.951491808195365
"Ergothioneine",1.24116820434745
"Indole",0.528353159200633
"Ibuprofen",0.243877399727504
"5-Methylcytosine",0.155795937709369
"L-leucyl-L-proline",0.975406286615314
"3alpha-Hydroxy-5alpha-androstan-17-one Androsterone",0.561502455321446
"Isovalerylglycine",2.31430223001621
"5-Methyl-5,6-Dihydrouracil",0.414696952961022
"Altretamine",0.228684669697946
"Deoxyinosine",1.07495134006157
"Anthranilic acid Vitamin L1",0.74430431931328
"5-Methylcytidine",0.177890347833825
"Lys-Phe",0.172368117554559
"7-Methylguanosine",0.52484085371823
"Arg-Thr",0.18920233565253
"Met-Lys",0.0248251451281736
"Mephentermine",1.19016058246779
"Albuterol",1.35538547754667
"2,5,7,8-Tetramethyl-2-.beta.-carboxyethyl-6-hydroxychroman",0.198987130632666
"Ile-Glu",0.242964248957922
".alpha.-L-Glu-L-Asp",0.225810480035233
"Ala-Phe",1.02224654841113
"1-Methyladenosine",0.831892292200546
"Glutaric acid",0.294322974271998
"Ethyl 3-hydroxybutyrate",0.226836868111491
"Guanosine",0.234799108803901
"His-Tyr",0.767277308250202
"Ala-Gln",0.0659476045112051
"His-Glu",0.881468674852908
"His-Ser",0.921602344161247
"His-Phe",2.2443896763007
"N4-Acetylcytidine",0.356018403636087
"Molsidomine",0.24310486094346
"2-Methylbutyroylcarnitine",0.0627464317741743
"Heptadecanoic acid",0.497071547442845
"Gly-Val",0.152306248222809
"1-Naphthol",0.144191248734873
"Lys-Thr",0.626367306674752
"N1-Acetylspermine",0.0665879910573371
"6-Hydroxymelatonin",0.782968515979973
"Arg-Asp",1.69253689730027
"Lys-Val",1.75138955729099
"Argininosuccinic acid",0.155537385946269
"Gamma-Glutamylcysteine",0.956293858712763
"gamma-L-Glutamyl-L-glutamic acid",0.290710212086747
"Ile-Pro",0.39027515429839
"Benzylbutylphthalate",0.451650686192783
"Ile-Tyr",0.919563353202802
"Lys-Lys",0.115041842746284
"21-Hydroxypregnenolone",0.377251004757942
"2-Methylguanosine",0.317415734191414
"1-methylguanosine",0.446006967670961
"2'-O-methylcytidine",0.000297246774865277
"cis-9-Palmitoleic acid",0.038579271280348
"Met-Ser",0.702725460218797
"Dehydroabietic acid",0.283423355627857
"6-Hydroxynicotinic acid",0.312058818788272
"D-Xylose",0.390501764388328
"12-oxo-ETE",0.174329269946456
"Alpha-N-Phenylacetyl-L-glutamine",0.60031578571281
"Demethoxycurcumin",1.32030550125645
"3-Deoxy-2-keto-6-phosphogluconic acid",0.208892776441716
"Flumequine",0.268315294781158
"DL-.alpha.-Phenylglycine",1.48995240065867
"Luteolin",0.558667448803478
"Arg-Phe",0.328755060341214
"Deoxyguanosine",0.608007376051934
"Clofibrate",0.969803179122889
"2'-Deoxy-D-ribose",0.744001992174573
"Leu-Asp",1.98709065823281
"Azacitidine",0.050499936898312
"2-Phenylacetamide",0.464497546986458
"Lycorine",0.223940330783361
"Arg-Ile",0.877694982102666
"Met-Tyr",0.04596537664838
"Arg-His",0.104770824922296
"DL-Homocystine",1.53675534683848
"Arg-Arg",0.0760815427458625
"2'-Deoxyadenosine 5'-monophosphate dAMP",0.20417953739106
"S-2-Hydroxyglutarate",1.90290534750989
"EDTA",0.284697517002427
"Ketorolac",0.261067272196578
"Decanoyl-L-carnitine",0.126553695183697
"Doxepin",0.856642835383664
"Ile-Trp",0.356779864908011
"Chlorogenic acid",1.84669661724312
"2-Thiocytidine",0.0201811690704822
"His-Val",0.0808092595156916
"L-Saccharopine",0.692881634769408
"Ile-Asn",0.628205277975091
"His-Cys",0.880511753231445
"Acetomenaphthone",1.85889844223419
"Arg-Ser",0.0376324343198802
"3-Aminosalicylic acid",0.506529778481811
"2'-O-methylinosine",0.641194376032226
"L-Aspartyl-L-phenylalanine",0.98938831007753
"8-Hydroxy-2'-deoxyguanosine",0.475007481698767
"Midazolam",1.65286792206298
"Desipramine",0.506463587667724
"His-Gln",1.12832675891382
"4',5-Dihydroxy-7-methoxyflavanone",0.251489252070267
"3-Hydroxyanthranilic acid",0.322912784085373
"Kynuramine",0.295613822401192
"3-Indoleacetonitrile",0.105836733289949
"Inosine 5'-monophosphate IMP",0.375062150806663
"Formononetin",0.207035839594641
"Demethylcitalopram",0.362210769803886
"Atrolactic acid",2.27640409820295
"N2,N2-Dimethylguanosine",0.156430114904826
"His-Arg",0.602430373412886
"--Medicarpin",2.6149242156741
"3'-O-methylguanosine",0.0590981917012539
"all cis-6,9,12-Linolenic acid",0.0371385461623123
"3.alpha.-Mannobiose",0.391055278807274
"D-Alanyl-D-alanine D-Ala-D-Ala",1.02056808169493
"Met-Gln",0.69919611864337
"Arg-Cys",0.596140539261354
"L-Erythro-4-Hydroxyglutamic acid",0.486328095063326
"Ile-His",0.196470287152396
"Metsulfuron-methyl",0.835421108889849
"Enterodiol",0.50035163976109
"Capsaicin",1.44038068300579
"Corticosterone",0.0701882981732083
"N1,N12-Diacetylspermine",0.584213571630788
"Glycitein",2.1172164841741
"Lomefloxacin",0.745082035896123
"His-Met",0.574481175572804
"L-Ascorbic acid",0.659477275886969
"1-Methylxanthine",2.79347319563985
"DL-3-Phenyllactic acid",0.101244499981071
"Lys-Trp",0.841471743720837
"L-Tetrahydropalmatine",0.162679896201574
"beta-Octylglucoside",1.34610439646096
"6-Propyl-2-thiouracil",1.12991087644376
"Exemestane",0.427146903298138
"Arg-Trp",0.0807744998992012
"Cinnavalininate",1.02903706422877
"Carbenicillin",0.390125982300861
"Cortisone",0.206865518051077
"Hydrocortisone Cortisol",0.122361507783614
"Eicosapentaenoic acid",0.624875893749196
"Chloroquine",0.405291349107739
"D-Lactose",1.16600663112431
"Enalaprilat",0.0216642448579945
"Adenosine 3',5'-cyclic phosphate cAMP",0.433255682488699
"Anilofos",0.0952908356744944
"2'-Deoxycytidine 5'-monophosphate dCMP",0.102930348952997
"Midodrine",1.03543229890286
"His-His",3.06664814878749
"Deoxyuridine monophosphate dUMP",0.0607537337601857
"Bisdemethoxycurcumin",0.233189506031596
"Arg-Met",0.205108486519064
"Fluoxetine",0.420881594718018
"Ajmalicine",0.797878716903016
"Eicosapentaenoic Acid ethyl ester",0.585653446815479
"Matairesinol",0.013463467798511
"--Tylocrebrine",1.40877600007107
"5-Hydroxydopamine",0.296452886031216
"L-Gulonic gamma-lactone",0.171342175392741
"11beta-hydroxyandrost-4-ene-3,17-dione",1.48933529949599
"Donepezil",0.92626153861361
"Methylergonovine",0.0665377998905721
"5-Hydroxyindoleacetate",0.360171572384128
"Homovanillic acid",0.654143336057392
"Loxapine",1.73476586428194
"Dioctyl phthalate",0.298492672011017
"Homoveratric acid",0.315509950330212
"Griseofulvin",2.60777279090586
"Kynurenic acid",1.64080569838443
"Famciclovir",0.0408721334944048
"1S,9R-Hydrastine",0.432372046985346
"D-Maltose",1.14651433012846
"Erucamide",1.50834447366865
"1-Palmitoylglycerol",0.437242559059638
"Arg-Tyr",0.126241812053091
"5alpha-Tetrahydrocorticosterone",0.157910452088733
"Cantharidin",2.01702840652713
"1-Stearoyl-rac-glycerol",0.246391480358018
"Mestranol",0.200043604042357
"Kinetin",1.61887124312286
"Glycodeoxycholic acid",0.463461592357538
"Glycochenodeoxycholate",0.454324479464706
"Apigenin 7-glucoside",0.544888918458434
"hydrocortisone 21-acetate",0.858985142116708
"Lisinopril",0.943343135442465
"Metaproterenol",0.00962669948446979
"Deoxythymidine triphosphate dTTP",3.64090887505496
"Aminopterin",0.467259620756867
"Glycocholic acid",0.792547055030462
"Metyrapone",0.450523121599127
"delta-Tocotrienol",3.80702909272413
"2'-Deoxyuridine",2.06107951288369
"Muramic acid",0.0418518855994588
"L-Palmitoylcarnitine",0.4038593004951
"Maltotriose",0.651283738784175
"Matrine",0.0941292723797455
"Diosmin",0.364709617360469
"Apigenin 7-O-neohesperidoside",1.20867890485222
"Leu-Trp",1.07205892063709
"Maltotetraose",0.371903667865395
"N,N'-Diacetylchitobiose",0.120867375995884
"Maltopentaose",0.395739477392017
