"","ac_vip_c1"
"Methylguanidine",0.868410851635624
"1-Aminocyclopropane-1-carboxylic acid",0.600363594257945
"4-Aminophenol",1.42686718802787
"21H-Pyridinone",0.541650899922213
".beta.-Cyano-L-alanine",0.516597958695319
"Iminodiacetic acid",0.342457042184378
"DL-Norvaline",2.09955000908618
"3-Hydroxyisovaleric acid",0.42900425803553
"Isovaleric acid",0.623655542648903
"Betaine aldehyde",0.208710293140694
"3-Aminobutanoic acid",0.207256030325306
"2-Aminoisobutyric acid",0.618781099854287
"Choline",1.50663502781843
"DL-a-Hydroxybutyric acid",0.378560311600951
"Ethanolamine",2.63496022745042
"L-Serine",0.336156789787457
"Diethanolamine",0.705386723123387
"Imidazoleacetic acid",0.589134962271372
"Imidazole",0.00569140849801086
"Cytosine",0.0644892052905165
".beta.-Homoproline",0.409071825315639
"Cuminaldehyde",0.242043489809355
"Creatinine",0.0515829965522129
"L-Leucine",1.10228941760371
"Glycerol",0.610342791563647
"Ethylmalonic acid",0.551886881416112
"D-Ornithine",0.434286460347408
"L-Proline",0.0124568319913001
"Guanidoacetic acid",0.0296691273849915
"Betaine",0.991744173253333
"L-Threonate",0.882402741287934
"Methylmalonic acid",0.398334277877861
"3-Aminobenzoic acid",0.134082550208428
"4-Aminobenzoate",0.460156197514713
"Gentisaldehyde",1.41772992425615
"3-Methylhistamine",0.354402628044448
"1-Methylhistamine",0.376187046713369
"Larixinic Acid",2.23024935614486
"4-Hydroxy-6-methylpyran-2-one",1.0589180927551
"1,3,5-Benzenetriol",1.79766810607433
"5-Amino-4-carbamoylimidazole AICA",1.3687446662047
"Melamine",0.0273675150431542
"Crotonic acid",0.63273136470579
"3-Methylthio-1-propanol",1.61267498859172
"2-Methylglutaric acid",0.0107869590640731
"Ala-Gly",0.283775483519895
"D-Pipecolinic acid",0.146217107317989
"Agmatine",0.323852384552437
"Dihydroxyfumarate",0.422879152951764
"Hydroxyproline",0.0302171677659446
"Methoxyacetic acid",0.686187662578808
"2-Ethoxyethanol",0.108235044244038
"3-Ureidopropionate",0.333558847564664
"L-Asparagine",0.0142328680667721
"3-Methylphenylacetic acid",0.0355802675629955
"D-Aspartic acid",0.285607577550061
"4-Methoxybenzoic acid",1.01169277849378
"Adenine",0.202688489175329
"Hypoxanthine",0.300676623367792
"1-Methylnicotinamide",0.0533235797334414
"Methyl acetoacetate",2.2222559085135
"Acetohydroxamic acid",0.286362549873326
"Gaboxadol",0.895983077310817
"L-homoserine",1.09681739166607
"2-Ethyl-4-hydroxy-5-methyl-32H-furanone",0.664798535541202
"3,3-Dimethylacrylic acid",0.00782423697435274
"Glutaraldehyde",0.591288531301455
"1-Aminocyclopropanecarboxylic acid",0.914959893518757
"Benzamide",0.7216992556896
"1,2,3-Benzenetriol",0.0461604765588213
"1-Phenylethylamine",1.23768904193744
"1-Aminocyclohexanecarboxylic acid",0.302968309510955
"Erythritol",1.10828881032657
"Isobutyrylglycine",0.648784391010585
"3-Methylglutaric acid",1.33113593977018
"R-3-Hydroxybutyric acid",0.076155773848575
"4-Guanidinobutyric acid",0.339516348116049
"L-Lysine",1.47957267767274
"3-Carboxypropyltrimethylammonium cation",0.768712082545937
"Acetylcholine",0.861571583634163
"L-Glutamine",0.145027874012517
"Dimethylbenzimidazole",1.44382695516678
"L-Pipecolic acid",1.29432384178632
"L-2-Aminobutyric acid",0.132929705492037
"--Mevalonolactone",0.481873231647419
"Citramalic acid",0.717454158357933
"5d-Aminolevulinic Acid",0.0705363935091233
"L-Arabinose",0.579714501286988
"Diacetyl",0.897594804453257
"4-Hydroxybutanoic acid lactone",0.0841288024911483
"L-Alanine",2.38874387988904
"1-Indanone",0.538055758321711
"3-Hydroxymandelic acid",0.89983509530165
"L-Pyroglutamic acid",0.115358713920645
"2-Hydroxyphenylacetic acid",1.21508697207453
"Acetoin",0.809017964672514
"Diphenylamine",0.384085286010041
"Hydroxyurea",1.9026930052568
"N1-Methyl-2-pyridone-5-carboxamide",0.494906357163422
"Limonene-1,2-epoxide",0.694115813547787
"Camphor",1.1683086750201
"4,6-Diamino-5-formamidopyrimidine",0.110753026869297
"Dopamine",1.44972477018798
"Glycerol 3-phosphate",0.465616391304545
"Desoxypeganine",0.910804542244528
"L-Histidine",0.146992367391509
"2-Butoxyethanol",2.42921917833559
"Isocaproic acid",1.51554412839333
"-alpha-Pinene",0.172995264288192
"2-Amino-1-phenylethanol",0.610395848136189
"DL-2,4-Diaminobutyric acid",0.814002364531711
"Cyclohexylamine",1.37398894818717
"4-Methoxycinnamic acid",2.11242628268699
"DL-Homoserine",2.08054435076667
"N6-Methyl-L-lysine",0.0985793234433414
"Guanidineacetic acid",0.585765534916316
"Indole-3-carboxylic acid",0.324932892092865
"Hippuric acid",1.29791415368031
"Indole-2-carboxylic acid",2.38580247728488
"DL-2-Aminoadipic acid",0.434706125696647
"L-Carnitine",1.72174136662146
"Acetylcysteine",0.234729563195046
"L-Histidinol",0.602076195725768
"DL-3-Aminoisobutyric acid",1.61425359145376
"Formylanthranilic acid",2.19111980049643
"Acetoacetic acid",1.92718128753543
"D-Arabinono-1,4-lactone",0.0179478092439042
"L-Phenylalanine",0.167177918782367
"Epinephrine",0.0933237359911914
"N,N-dimethylhistidine",0.260230320653904
"6-Methylmercaptopurine",0.464106536113815
"4-Methoxyphenylacetic acid",1.79375445073316
"Dimethylglycine",0.741532724212949
"gamma-Aminobutryic acid",1.74987416077567
"beta-Hydroxybutyrate",0.282573081702562
"Glycine",0.608640583474373
"alpha-ketoglutarate",1.03780100881578
"Jasmine lactone",0.432899196386921
"2-Furoylglycine",0.567562181528708
"Indoleacrylic acid",1.82926220833278
"Dihydro-4,4-dimethyl-2,3-furandione",1.16782950771203
"3-Methylhistidine",0.0393397454159242
"R--Citronellic acid",0.398724752023613
"Citraconic acid",1.70426195144229
"Gly-Pro",1.26497184864972
"Histamine",0.767644144352498
"Arecoline",1.76692137206536
"Acetyl-DL-Leucine",0.416346574227216
"cis-Aconitate",0.372199686984087
"cis-4-Hydroxy-D-proline",2.96494108048652
"Allantoate/Allantoic acid",0.445059760779343
"Guanidinosuccinic acid",0.209401404360093
"Indoleacetic acid",3.14361593786494e-05
"Ethyl hydrogen malonate",0.166484180809464
"7,8-Dihydro-.alpha.-ionone",2.01775225696645
"3-Furancarboxylic acid",1.82996812390137
"Mexiletine",0.585216798934056
"3-Methylthiopropionate",0.7573621900145
"2-Octenoic acid",2.19783925564945
"L-Tyrosine",0.309871475174233
"beta-Hydroxyisovaleric acid",0.307888764840345
"L-Threonine",2.32144252440568
"4-Pyridoxic acid",0.512235180848742
"4-Hydroxybenzaldehyde",0.0904883519804652
"Allocystathionine",1.48779409363329
"DL-Indole-3-lactic acid",0.20091446358138
"Ala-Val",0.240990026656234
"N6-Acetyl-L-lysine",0.0553756845297863
"N.alpha.-Acetyl-L-lysine",1.89568174207229
"N6,N6,N6-Trimethyl-L-lysine",0.0307807455860086
"1H-Indole-3-propanoic acid",0.388765071775451
"Diaminopimelic acid",0.366565738907212
"-Methamphetamine",0.639343009255063
"Aconitic acid",0.881175684089231
"1-Methylhistidine",0.329941726315954
"D-Ribose",1.14452283081787
"6-Aminocaproic acid",0.732738847312055
"Itaconic acid",0.0859385763760379
"2-Isopropylmalic acid",0.122688770634145
"D-Lyxose",0.415108177887446
"Caffeine",2.9444206615927
"Glucosaminic acid",2.07186605719083
"Butoxyacetic acid",1.16227691650733
"Hydroxyisocaproic acid",2.88714575765102
"2-Ethyl-2-Hydroxybutyric acid",0.483277440176516
"Allopurinol",2.75649327407982
"Creatine",0.308457880954666
"Dulcin",2.15853784854943
"N-.alpha.-Acetyl-L-arginine",1.5016633270439
"IS",0.144739968987359
"Ile-Ser",0.413668700344794
"3-Hydroxybenzoate",0.155401366808038
"2-Oxoadipic acid",0.271351415074446
"3,4-Dihydroxymandelic acid",0.400283611879092
"Ala-Ala",0.287861414550221
"Carbimazole",0.256635100695599
"L-Tryptophan",0.345661662922153
"L-homocysteic acid",0.63890166512519
"Methylnoradrenaline",0.335295777364568
"Bethanechol cation",0.439071291583202
"Coumarin",1.14057680829194
"3-Mercapto-2-butanone",2.12684939265016
"D-4-Hydroxyphenylglycine",0.90520216495698
"His-Ala",1.58852777339335
"Monomethyl glutaric acid",0.432451028671484
"Butyl lactate",0.187135939673456
"L-Glutamate",0.947663859670853
"Glycyl-L-leucine",2.30040667386316
"S-Citramalic acid",0.252905159637705
"3,4-Dihydroxyphenylacetic acid",0.655744146569197
"L-Citrulline",1.20404405105421
"Lavandulol",0.351452656432921
"DL-Vanillylmandelic acid",0.10771495555932
"L-Arginine",0.619541940946381
"3-Phenylpropanoic acid",0.293701345205405
"2',4'-Dihydroxyacetophenone",0.119377130050655
"Hypotaurine",1.00042950989014
"5-L-Glutamyl-L-alanine",1.72445970476799
"Indole-3-pyruvic acid",0.273254148909479
"3,3-Dimethylglutaric acid",0.199834657830393
"3,4-Methylenedioxyamphetamine",0.0632758524693544
"4-Guanidinobutanoic acid",1.83825325497657
"Flavone",2.15249834276665
"D-Mannose",0.985767967075619
"D-Sorbitol",0.681995165986407
"L-Iditol",0.470403628508483
"Dacarbazine",1.41340376157096
"Bufexamac",1.94127210658027
"4-Aminobutyric acid",1.45890753354337
"mafenide",0.557974643269486
"L-Fucose",1.29464118815014
"Methomyl",0.618537039411122
"6-Benzylaminopurine",0.0900298690404472
"7-Methylxanthine",1.94191946662838
"Deoxycytidine",1.09966599435439
"Ethionamide",0.482375259185328
"2-Hydroxyadenine",0.600948828612085
"2-Phenylbutyric acid",1.86831843665732
"Arg-Ala",1.39894585747081
"Dimethylallyl pyrophosphate",0.0113974350898455
"Anabasine",1.25918477022212
"Harmine",0.106460722672275
"L-NG-Monomethylarginine",0.493779807117564
"Baclofen",0.503944811749608
"alpha-Guanidinoglutaric Acid",1.97504791578785
"Levetiracetam",1.13182575122955
"Leu-Val",0.255987342392941
"Hordenine",2.50549888064545
"Lys-Cys",0.863923435071731
"Allopurinol riboside",2.27523363118217
"Glycylproline",0.584688604889399
"Melatonin",0.632118767338623
"3-Methoxytyramine",0.834924258151879
"Ile-Cys",0.590775447310081
"DL-Arginine",0.129865752899859
"L-Valine",1.13710511180371
"Capric acid",2.16776717362486
"Ketoprofen",0.502031973412114
"3-Hydroxyflavone",1.10953459625944
"Biopterin",0.247305431334094
"Diethylcarbamazine",0.0168580638436178
"D-Glucuronate",0.254414757973458
"4-Hexen-1-ol, E-",0.367595569871753
"7,8-Dihydrobiopterin",0.325676927210189
"Ethyl glucuronide",0.270326403925235
".gamma.-L-Glu-.epsilon.-L-Lys",0.150296775854841
"4-Isopropylbenzoic acid",0.348514264883947
"N2-Acetyl-L-ornithine",0.522688387347546
"L-Anserine",1.04559459438331
"3-3-Indolyl-2-oxopropanoic acid",2.1993658314643
"D-Erythrose 4-phosphate",0.93636900371204
"DL-O-tyrosine",1.31540752698612
"3-Hydroxykynurenine",1.37554613759135
"Gly-Glu",1.03480024092876
"Lys-Asn",0.581116049603787
"Lys-Pro",0.125013894478456
"myo-Inositol",1.02146350193689
"Cytidine",0.168054145603257
"Lys-Asp",0.154270229163263
"Glu-Pro",0.532440138159414
"Ile-Leu",1.08991641002817
"Dihydrouracil",0.0635321995645634
"Ala-Asp",1.32904502382049
"Mepivacaine",0.240946324932001
"Myristic acid",0.576508536121218
"DL-3-Hydroxybutyric acid",0.772214967735898
"3'-O-Methylinosine",0.770183843279773
"Marmesin",0.355096662833363
"gamma-L-Glutamyl-L-valine",0.333718928135676
"3-Amino-3-4-hydroxyphenylpropanoate",0.877235174478928
"Gly-Gln",1.70002196595718
"Monoethylglycylxylidide MEGX",0.377343606697333
"Dapsone",1.2394056498016
"3-Hydroxycapric acid",0.0850087278059368
"4-4-Chlorophenyl-4-hydroxypiperidine",0.504248624297772
"Ala-Pro",0.215956099849479
"Alantolactone",1.09705311483119
"Inosine",0.928412269861563
"epsilon-Captrolactone",0.550918061275499
"N-omega-Hydroxyarginine",0.17702244000012
"His-Ile",2.31890296765962
"2'-Deoxyinosine",1.11310032672371
"Asn-Pro",0.666119140952187
"5'-Deoxyadenosine",0.212071805897826
"His-Asp",1.60437651399486
"His-Pro",0.15691606520548
"N1-Acetylspermidine",0.445921238213605
"Indoxyl sulfate",1.90608704832017
"Daidzein",3.6817942845114
"Levulinic acid",0.0326505070628493
"Hydroxybupropion",0.633588204477311
"Ile-Thr",0.857752051879647
"5-Hydroxymethylcytidine",0.354428434664232
"Arg-Val",0.0527361035273167
"d-Dethiobiotin",1.66286777093363
"Acetylglycine",0.0133987918668325
"D-gluconate",1.06766460133114
"3-methylcytidine",0.202406402386591
"5-Aminopentanoic acid",0.386101188930072
"Glycerophosphocholine",0.314704599598881
"Acadesine Drug",1.06875056082837
"Lys-Leu",0.561185969033232
"L-Histidinol phosphate",0.591226006462955
"Gln-Asn",0.594659887807248
"alpha-D-Glucose 1-phosphate",0.179985571925258
"Glu-Met",0.343460500428659
"Duloxetine",0.266627861103004
"L-Cystine",0.722193231671253
"alpha-N-Acetyl-L-glutamine",0.181150415179461
"3-Methoxy-4-Hydroxyphenylglycol Sulfate",0.331084446494271
"Homocitrate",2.05657855776275
"Adenosine",0.322807105684776
"Acetylcarnitine",0.0430290830781856
"D-Galactarate",0.0262765708837178
"Genistein",0.650927893519086
"Lys-Ser",0.0291012122382921
"Asp-Pro",1.41700817692602
"Ergothioneine",0.56908549190646
"Indole",0.15828260909398
"Ibuprofen",0.276998032928298
"5-Methylcytosine",0.0703632468554874
"L-leucyl-L-proline",1.08742012051764
"3alpha-Hydroxy-5alpha-androstan-17-one Androsterone",0.107299570048578
"Isovalerylglycine",1.50790967695823
"5-Methyl-5,6-Dihydrouracil",0.360531511721075
"Altretamine",0.170805695824933
"Deoxyinosine",0.617451912238305
"Anthranilic acid Vitamin L1",0.698075486421015
"5-Methylcytidine",0.0833608422045408
"Lys-Phe",0.355884256017391
"7-Methylguanosine",0.643084188004372
"Arg-Thr",0.449611621958124
"Met-Lys",0.0107943884235665
"Mephentermine",0.625353657273236
"Albuterol",1.19537268593209
"2,5,7,8-Tetramethyl-2-.beta.-carboxyethyl-6-hydroxychroman",0.770475531146238
"Ile-Glu",0.111047815089083
".alpha.-L-Glu-L-Asp",0.376569565229713
"Ala-Phe",0.571064185747095
"1-Methyladenosine",2.62706803967259
"Glutaric acid",0.567537613728373
"Ethyl 3-hydroxybutyrate",0.272624450417101
"Guanosine",0.98889803601724
"His-Tyr",2.39642460867787
"Ala-Gln",0.0827976531220795
"His-Glu",0.669528484414801
"His-Ser",0.967070595387975
"His-Phe",2.04974229020718
"N4-Acetylcytidine",0.398515387265596
"Molsidomine",0.592629062267019
"2-Methylbutyroylcarnitine",0.140478937543337
"Heptadecanoic acid",1.02582397604765
"Gly-Val",0.523371128033967
"1-Naphthol",0.0810772721597719
"Lys-Thr",1.20192779700836
"N1-Acetylspermine",0.336392291625268
"6-Hydroxymelatonin",0.147961881923785
"Arg-Asp",1.63391576219989
"Lys-Val",1.19212367463842
"Argininosuccinic acid",0.204500658886226
"Gamma-Glutamylcysteine",0.571194101066835
"gamma-L-Glutamyl-L-glutamic acid",0.245365154453138
"Ile-Pro",0.300374090737338
"Benzylbutylphthalate",0.0387714073427242
"Ile-Tyr",1.09694470794845
"Lys-Lys",0.0611888142242556
"21-Hydroxypregnenolone",0.118485225221418
"2-Methylguanosine",0.467359556801008
"1-methylguanosine",0.376908141281435
"2'-O-methylcytidine",0.290930666906842
"cis-9-Palmitoleic acid",0.262594613191463
"Met-Ser",0.383157851420977
"Dehydroabietic acid",0.318457949585529
"6-Hydroxynicotinic acid",0.042615521821473
"D-Xylose",0.153469213011097
"12-oxo-ETE",0.0911950557529339
"Alpha-N-Phenylacetyl-L-glutamine",0.082393211241802
"Demethoxycurcumin",0.506749450882644
"3-Deoxy-2-keto-6-phosphogluconic acid",0.862102674359441
"Flumequine",0.424811774946504
"DL-.alpha.-Phenylglycine",1.79352681840241
"Luteolin",0.436507173070708
"Arg-Phe",0.0466851297178185
"Deoxyguanosine",0.0331319474763761
"Clofibrate",0.840767954594072
"2'-Deoxy-D-ribose",0.45351542452427
"Leu-Asp",1.65570790389189
"Azacitidine",0.424215769808099
"2-Phenylacetamide",0.105790720916258
"Lycorine",0.407234813221473
"Arg-Ile",0.416746470887397
"Met-Tyr",1.34343968571363
"Arg-His",0.342872301443428
"DL-Homocystine",0.493358974434317
"Arg-Arg",0.163681047557971
"2'-Deoxyadenosine 5'-monophosphate dAMP",0.264584218080116
"S-2-Hydroxyglutarate",3.31104490651307
"EDTA",0.0680552286797826
"Ketorolac",0.389192545999798
"Decanoyl-L-carnitine",0.307994836311338
"Doxepin",1.74530711589209
"Ile-Trp",0.662016232705898
"Chlorogenic acid",1.5447978822666
"2-Thiocytidine",0.291363122506771
"His-Val",0.368641986436318
"L-Saccharopine",0.933567467281288
"Ile-Asn",0.264574619480813
"His-Cys",0.359854723494073
"Acetomenaphthone",1.28903236236423
"Arg-Ser",0.746725522097887
"3-Aminosalicylic acid",0.0651338611009493
"2'-O-methylinosine",0.0918418924783018
"L-Aspartyl-L-phenylalanine",0.81041995193317
"8-Hydroxy-2'-deoxyguanosine",0.216900120750971
"Midazolam",1.26700351468548
"Desipramine",0.83508005890826
"His-Gln",0.959428374550497
"4',5-Dihydroxy-7-methoxyflavanone",0.00160067768268896
"3-Hydroxyanthranilic acid",1.00979585422053
"Kynuramine",0.00596039546334508
"3-Indoleacetonitrile",0.72057188724476
"Inosine 5'-monophosphate IMP",0.668138827492435
"Formononetin",0.186798218985708
"Demethylcitalopram",0.452284346063231
"Atrolactic acid",1.82267801446342
"N2,N2-Dimethylguanosine",0.622934503315409
"His-Arg",0.220789800898563
"--Medicarpin",2.6475379412549
"3'-O-methylguanosine",0.291246708505082
"all cis-6,9,12-Linolenic acid",0.110112410364583
"3.alpha.-Mannobiose",0.573543624881526
"D-Alanyl-D-alanine D-Ala-D-Ala",0.712900220541711
"Met-Gln",1.16351063553088
"Arg-Cys",0.701942208107016
"L-Erythro-4-Hydroxyglutamic acid",1.10175731708942
"Ile-His",0.181639734091598
"Metsulfuron-methyl",0.796471064190201
"Enterodiol",0.359721158948583
"Capsaicin",0.310465088533627
"Corticosterone",0.251122155614011
"N1,N12-Diacetylspermine",0.647377083136594
"Glycitein",3.09979051875979
"Lomefloxacin",1.00541683109407
"His-Met",0.251647378336282
"L-Ascorbic acid",0.403283229267442
"1-Methylxanthine",2.035607354358
"DL-3-Phenyllactic acid",0.155335685368495
"Lys-Trp",0.802637206379796
"L-Tetrahydropalmatine",0.29941433695372
"beta-Octylglucoside",0.0981128839414195
"6-Propyl-2-thiouracil",0.722386688010802
"Exemestane",0.528147312564817
"Arg-Trp",0.32681752817455
"Cinnavalininate",1.00859358789203
"Carbenicillin",0.385815195261012
"Cortisone",0.468530449715855
"Hydrocortisone Cortisol",0.271139596377722
"Eicosapentaenoic acid",0.46225317360675
"Chloroquine",0.129268764629684
"D-Lactose",1.54538338445507
"Enalaprilat",0.195304109509811
"Adenosine 3',5'-cyclic phosphate cAMP",0.0511863821309556
"Anilofos",0.882246955598328
"2'-Deoxycytidine 5'-monophosphate dCMP",0.50150539337195
"Midodrine",0.605730356267116
"His-His",2.26305714635589
"Deoxyuridine monophosphate dUMP",0.371714009569994
"Bisdemethoxycurcumin",0.14561472232536
"Arg-Met",0.297732761405837
"Fluoxetine",0.294179599377157
"Ajmalicine",0.487173279088512
"Eicosapentaenoic Acid ethyl ester",0.916477115983855
"Matairesinol",0.198766768760794
"--Tylocrebrine",0.399324368166953
"5-Hydroxydopamine",0.821116289363433
"L-Gulonic gamma-lactone",0.421246167703956
"11beta-hydroxyandrost-4-ene-3,17-dione",0.73108361510494
"Donepezil",0.661013768254712
"Methylergonovine",0.158550861467681
"5-Hydroxyindoleacetate",0.345518913394228
"Homovanillic acid",0.244167360362538
"Loxapine",1.24177963458518
"Dioctyl phthalate",0.440317880588157
"Homoveratric acid",0.0990102850748197
"Griseofulvin",1.5193491244113
"Kynurenic acid",0.8378117467642
"Famciclovir",0.465934168810832
"1S,9R-Hydrastine",0.150617060021991
"D-Maltose",1.29954727671453
"Erucamide",1.23778100934738
"1-Palmitoylglycerol",0.424340997879836
"Arg-Tyr",0.110247338314601
"5alpha-Tetrahydrocorticosterone",0.00864047031645637
"Cantharidin",1.82116203002654
"1-Stearoyl-rac-glycerol",0.100243967992846
"Mestranol",0.549414299442439
"Kinetin",1.56462932838814
"Glycodeoxycholic acid",0.14536983041943
"Glycochenodeoxycholate",0.549526312616455
"Apigenin 7-glucoside",0.746434225187366
"hydrocortisone 21-acetate",0.532794223294146
"Lisinopril",0.737884157062627
"Metaproterenol",0.317553376957996
"Deoxythymidine triphosphate dTTP",2.64170966007937
"Aminopterin",0.113668255443618
"Glycocholic acid",0.0914771897975407
"Metyrapone",0.197793357923701
"delta-Tocotrienol",2.43078969991146
"2'-Deoxyuridine",2.17635030029729
"Muramic acid",0.173686922413851
"L-Palmitoylcarnitine",0.0640481627987557
"Maltotriose",0.593831833337228
"Matrine",0.118851819683639
"Diosmin",0.418482322683962
"Apigenin 7-O-neohesperidoside",1.50798434257457
"Leu-Trp",0.76581381882231
"Maltotetraose",0.84588697231803
"N,N'-Diacetylchitobiose",0.399759644800034
"Maltopentaose",0.612180482200005
